Region,Main_Sector,Price_Type,n,mean,median,std,var,min,max,range,Q1,Q3,IQR,P10,P25,P50,P75,P90,CV,QCD
Bangsamoro Autonomous Region in Muslim Mindanao,"Agriculture, forestry, and fishing",At Constant 2018 Prices,25,83631776.64,74144246.0,37159991.0148,1380864932221592.8,50753557.0,203248836.0,152495279.0,65386060.0,85150356.0,19764296.0,58080266.8,65386060.0,74144246.0,85150356.0,96595906.8,0.4443,0.1313
Bangsamoro Autonomous Region in Muslim Mindanao,"Agriculture, forestry, and fishing",At Current Prices,25,77466569.32,66195398.0,61269159.9044,3753909955396219.5,20362653.0,274041873.0,253679220.0,41050548.0,85150356.0,44099808.0,24934911.4,41050548.0,66195398.0,85150356.0,125177366.6,0.7909,0.3494
Bangsamoro Autonomous Region in Muslim Mindanao,Gross Domestic Product,At Constant 2018 Prices,25,205291574.96,170707107.0,123268202.9128,1.519504984934193e+16,94136902.0,583820586.0,489683684.0,133711481.0,235393060.0,101681579.0,107777726.2,133711481.0,170707107.0,235393060.0,284844187.0,0.6005,0.2755
Bangsamoro Autonomous Region in Muslim Mindanao,Gross Domestic Product,At Current Prices,25,195709311.28,154218301.0,171499078.2057,2.9411933825388236e+16,44751362.0,726210210.0,681458848.0,89250281.0,235393060.0,146142779.0,55000795.6,89250281.0,154218301.0,235393060.0,345523649.4,0.8763,0.4502
Bangsamoro Autonomous Region in Muslim Mindanao,Industry,At Constant 2018 Prices,25,43278810.52,37649876.0,35052988.0047,1228711968059425.8,7970250.0,141025502.0,133055252.0,16950290.0,56686761.0,39736471.0,11605908.8,16950290.0,37649876.0,56686761.0,71897057.6,0.8099,0.5396
Bangsamoro Autonomous Region in Muslim Mindanao,Industry,At Current Prices,25,45506951.68,34967122.0,46287699.2733,2142551104011321.0,4584902.0,182157616.0,177572714.0,13758887.0,56686761.0,42927874.0,7767901.2,13758887.0,34967122.0,56686761.0,89448329.4,1.0172,0.6094
Bangsamoro Autonomous Region in Muslim Mindanao,Services,At Constant 2018 Prices,25,79805047.0,60837449.0,52940203.5627,2802665153256389.5,35264749.0,243060922.0,207796173.0,50646637.0,95346299.0,44699662.0,38780069.6,50646637.0,60837449.0,95346299.0,118045504.2,0.6634,0.3062
Bangsamoro Autonomous Region in Muslim Mindanao,Services,At Current Prices,25,74066639.4,51728045.0,65346610.2568,4270179472051403.0,17633404.0,273891635.0,256258231.0,34984606.0,95346299.0,60361693.0,22699800.2,34984606.0,51728045.0,95346299.0,132780412.2,0.8823,0.4631
Bicol Region,"Agriculture, forestry, and fishing",At Constant 2018 Prices,25,84737153.36,83416925.0,31592679.6441,998097407092800.5,48464204.0,183881652.0,135417448.0,67890996.0,89727203.0,21836207.0,56121144.4,67890996.0,83416925.0,89727203.0,93262500.6,0.3728,0.1385
Bicol Region,"Agriculture, forestry, and fishing",At Current Prices,25,75996883.32,73748987.0,42801003.0952,1831925865953382.2,27018967.0,201421916.0,174402949.0,43846888.0,89080266.0,45233378.0,32436955.4,43846888.0,73748987.0,89080266.0,102410013.4,0.5632,0.3403
Bicol Region,Gross Domestic Product,At Constant 2018 Prices,25,417621844.4,334658891.0,271002487.9847,7.344234849390125e+16,176358450.0,1220391866.0,1044033416.0,229731835.0,517770299.0,288038464.0,193410170.2,229731835.0,334658891.0,517770299.0,610020210.8,0.6489,0.3853
Bicol Region,Gross Domestic Product,At Current Prices,25,396559266.48,298247874.0,337294607.267,1.1376765209142733e+17,96854451.0,1402277173.0,1305422722.0,158101543.0,516847516.0,358745973.0,116152697.4,158101543.0,298247874.0,516847516.0,687819772.8,0.8506,0.5315
Bicol Region,Industry,At Constant 2018 Prices,25,137063438.04,101629589.0,104692760.5283,1.0960574107026724e+16,45664805.0,437958579.0,392293774.0,58363945.0,177064068.0,118700123.0,48405859.0,58363945.0,101629589.0,177064068.0,220044721.8,0.7638,0.5042
Bicol Region,Industry,At Current Prices,25,130313404.52,95641651.0,119320156.1628,1.4237299666716722e+16,24604479.0,480532254.0,455927775.0,42998665.0,166510093.0,123511428.0,29318315.0,42998665.0,95641651.0,166510093.0,234113350.4,0.9156,0.5895
Bicol Region,Services,At Constant 2018 Prices,25,207535555.04,158799762.0,145358583.7589,2.1129117872388212e+16,83873140.0,646296983.0,562423843.0,107598027.0,260050822.0,152452795.0,91434103.4,107598027.0,158799762.0,260050822.0,322282766.0,0.7004,0.4147
Bicol Region,Services,At Current Prices,25,201568310.32,137653063.0,186867701.7499,3.4919537957273988e+16,46221505.0,774513657.0,728292152.0,74042905.0,260050822.0,186007917.0,55776552.4,74042905.0,137653063.0,260050822.0,378135660.4,0.9271,0.5568
CALABARZON,"Agriculture, forestry, and fishing",At Constant 2018 Prices,25,141412585.84,131118281.0,41663485.5331,1735846026764940.0,106547042.0,275478428.0,168931386.0,117686569.0,144897919.0,27211350.0,113896328.2,117686569.0,131118281.0,144897919.0,154412431.4,0.2946,0.1036
CALABARZON,"Agriculture, forestry, and fishing",At Current Prices,25,132717142.84,121936524.0,75748136.8412,5737780234915077.0,52945867.0,359551369.0,306605502.0,83183458.0,153314633.0,70131175.0,61388628.4,83183458.0,121936524.0,153314633.0,182575754.6,0.5707,0.2965
CALABARZON,Gross Domestic Product,At Constant 2018 Prices,25,2204373728.76,1809708699.0,1313572969.6918,1.7254739467048666e+18,1050505077.0,6189461068.0,5138955991.0,1369674210.0,2534444265.0,1164770055.0,1144040506.6,1369674210.0,1809708699.0,2534444265.0,3092471014.4,0.5959,0.2983
CALABARZON,Gross Domestic Product,At Current Prices,25,2106031017.48,1721867470.0,1571721570.3181,2.4703086946032584e+18,601691426.0,6868980516.0,6267289090.0,1093698856.0,2565120461.0,1471421605.0,743211146.2,1093698856.0,1721867470.0,2565120461.0,3380458123.6,0.7463,0.4022
CALABARZON,Industry,At Constant 2018 Prices,25,1112080488.24,903828339.0,653136790.3685,4.2658766693285626e+17,549909108.0,3068646083.0,2518736975.0,706665216.0,1276334044.0,569668828.0,597846596.2,706665216.0,903828339.0,1276334044.0,1533288518.6,0.5873,0.2873
CALABARZON,Industry,At Current Prices,25,1058539912.12,916972689.0,722214696.3873,5.2159406767783226e+17,327166536.0,3211867705.0,2884701169.0,606613444.0,1222500073.0,615886629.0,416813565.6,606613444.0,916972689.0,1222500073.0,1600211551.6,0.6823,0.3367
CALABARZON,Services,At Constant 2018 Prices,25,1026501356.0,833952464.0,678942388.2825,4.609627666067737e+17,415668902.0,3096163342.0,2680494440.0,580857885.0,1229712434.0,648854549.0,454893004.6,580857885.0,833952464.0,1229712434.0,1542151987.2,0.6614,0.3584
CALABARZON,Services,At Current Prices,25,987844455.72,739298612.0,846034689.231,7.1577469538221e+17,231546528.0,3582327097.0,3350780569.0,426820211.0,1275633558.0,848813347.0,278261887.6,426820211.0,739298612.0,1275633558.0,1747069695.4,0.8564,0.4986
Cagayan Valley,"Agriculture, forestry, and fishing",At Constant 2018 Prices,25,104979603.84,100162563.0,43427291.9258,1885929684008705.2,67423725.0,239983892.0,172560167.0,80013239.0,112075827.0,32062588.0,68669289.2,80013239.0,100162563.0,112075827.0,118187434.2,0.4137,0.1669
Cagayan Valley,"Agriculture, forestry, and fishing",At Current Prices,25,93315903.72,90772763.0,56617924.0818,3205589327334760.5,35051138.0,263931535.0,228880397.0,52457596.0,107772358.0,55314762.0,36744520.6,52457596.0,90772763.0,107772358.0,132693774.8,0.6067,0.3452
Cagayan Valley,Gross Domestic Product,At Constant 2018 Prices,25,321249327.16,264876624.0,187398395.6495,3.51181586919965e+16,158218411.0,893959823.0,735741412.0,200542676.0,371102979.0,170560303.0,168210803.4,200542676.0,264876624.0,371102979.0,447035748.6,0.5833,0.2984
Cagayan Valley,Gross Domestic Product,At Current Prices,25,300535600.48,234724620.0,235899664.9947,5.564865194459027e+16,85937981.0,1021420069.0,935482088.0,139253836.0,367331248.0,228077412.0,97636011.2,139253836.0,234724620.0,367331248.0,498500485.6,0.7849,0.4502
Cagayan Valley,Industry,At Constant 2018 Prices,25,86393305.32,64418631.0,55269620.4963,3054730949804846.0,38805064.0,254857503.0,216052439.0,52330061.0,104979666.0,52649605.0,42615031.8,52330061.0,64418631.0,104979666.0,130042023.8,0.6397,0.3347
Cagayan Valley,Industry,At Current Prices,25,81537626.28,53210394.0,69637458.2284,4849375588518013.0,22044267.0,297074257.0,275029990.0,37349202.0,102657735.0,65308533.0,26364937.8,37349202.0,53210394.0,102657735.0,147303032.0,0.8541,0.4665
Cagayan Valley,Services,At Constant 2018 Prices,25,134584792.4,105649437.0,91945017.1004,8453886169583816.0,51910845.0,410513944.0,358603099.0,70361303.0,164033883.0,93672580.0,59079902.2,70361303.0,105649437.0,164033883.0,206053958.2,0.6832,0.3996
Cagayan Valley,Services,At Current Prices,25,130279831.16,95400913.0,113694805.021,1.2926508688751904e+16,28528188.0,473815713.0,445287525.0,50970467.0,169461048.0,118490581.0,35963819.6,50970467.0,95400913.0,169461048.0,230578125.4,0.8727,0.5375
Caraga,"Agriculture, forestry, and fishing",At Constant 2018 Prices,25,39996340.2,38488691.0,11047951.999,122057243371287.83,28494645.0,74845638.0,46350993.0,36236723.0,39032010.0,2795287.0,31641253.6,36236723.0,38488691.0,39032010.0,42291679.0,0.2762,0.0371
Caraga,"Agriculture, forestry, and fishing",At Current Prices,25,36104637.04,33263550.0,20224914.7003,409047174635890.3,13739695.0,94995914.0,81256219.0,24181172.0,39889432.0,15708260.0,16470251.4,24181172.0,33263550.0,39889432.0,47788991.0,0.5602,0.2452
Caraga,Gross Domestic Product,At Constant 2018 Prices,25,234480446.84,193102956.0,150232070.1418,2.2569674899097836e+16,96921630.0,679103031.0,582181401.0,132729349.0,285001928.0,152272579.0,109587407.8,132729349.0,193102956.0,285001928.0,340164274.6,0.6407,0.3645
Caraga,Gross Domestic Product,At Current Prices,25,229383274.08,180393968.0,195239717.467,3.8118547276589864e+16,52357709.0,812123784.0,759766075.0,95817471.0,290561794.0,194744323.0,64790116.4,95817471.0,180393968.0,290561794.0,396230611.6,0.8512,0.504
Caraga,Industry,At Constant 2018 Prices,25,79561868.4,71011843.0,54235978.2704,2941541338942971.0,27597904.0,227142799.0,199544895.0,35056725.0,106727011.0,71670286.0,28716043.0,35056725.0,71011843.0,106727011.0,116598562.6,0.6817,0.5055
Caraga,Industry,At Current Prices,25,82378257.76,72996778.0,69271168.9679,4798494850176228.0,17705822.0,282227470.0,264521648.0,31122110.0,105485979.0,74363869.0,19667014.0,31122110.0,72996778.0,105485979.0,134950906.2,0.8409,0.5444
Caraga,Services,At Constant 2018 Prices,25,118702982.52,86692263.0,89473006.811,8005418947795762.0,40670092.0,389679086.0,349008994.0,62492341.0,146657597.0,84165256.0,50752228.2,62492341.0,86692263.0,146657597.0,192343974.6,0.7538,0.4024
Caraga,Services,At Current Prices,25,114666169.88,76684461.0,110060244.4362,1.211325740536684e+16,20658120.0,449209793.0,428551673.0,41538241.0,146657597.0,105119356.0,29326519.0,41538241.0,76684461.0,146657597.0,220447176.8,0.9598,0.5586
Central Luzon,"Agriculture, forestry, and fishing",At Constant 2018 Prices,25,231644476.88,217527630.0,89327430.7484,7979389884101752.0,132530764.0,500022542.0,367491778.0,178509204.0,252211653.0,73702449.0,154673461.6,178509204.0,217527630.0,252211653.0,267150393.6,0.3856,0.1711
Central Luzon,"Agriculture, forestry, and fishing",At Current Prices,25,219257737.6,204897786.0,134823722.0026,1.8177436014639044e+16,71958531.0,636420047.0,564461516.0,125635426.0,254379766.0,128744340.0,88439722.0,125635426.0,204897786.0,254379766.0,303992970.0,0.6149,0.3388
Central Luzon,Gross Domestic Product,At Constant 2018 Prices,25,1614752795.12,1336963348.0,1007001264.1092,1.0140515459174417e+18,707245644.0,4635402950.0,3928157306.0,927301530.0,1929193858.0,1001892328.0,805477659.6,927301530.0,1336963348.0,1929193858.0,2354261898.2,0.6236,0.3507
Central Luzon,Gross Domestic Product,At Current Prices,25,1524743480.8,1206580595.0,1244755173.3732,1.549415441639338e+18,368786804.0,5297131451.0,4928344647.0,668848239.0,1864111182.0,1195262943.0,469172471.4,668848239.0,1206580595.0,1864111182.0,2609226929.8,0.8164,0.4719
Central Luzon,Industry,At Constant 2018 Prices,25,643309807.2,514804721.0,448737389.356,2.0136524460603075e+17,274713944.0,1961421432.0,1686707488.0,319142152.0,819022643.0,499880491.0,305427459.0,319142152.0,514804721.0,819022643.0,1005717164.6,0.6975,0.4392
Central Luzon,Industry,At Current Prices,25,606444777.4,472765691.0,515374899.6184,2.6561128715670122e+17,149973055.0,2138850267.0,1988877212.0,248463314.0,771732585.0,523269271.0,188130483.0,248463314.0,472765691.0,771732585.0,1080156328.8,0.8498,0.5129
Central Luzon,Services,At Constant 2018 Prices,25,856367100.72,702011920.0,564114768.9305,3.1822547252553805e+17,325474872.0,2562164742.0,2236689870.0,476088592.0,1022946481.0,546857889.0,374633259.0,476088592.0,702011920.0,1022946481.0,1288888724.4,0.6587,0.3648
Central Luzon,Services,At Current Prices,25,810653629.32,609825518.0,706024870.6071,4.9847111791581466e+17,158144701.0,2956129020.0,2797984319.0,323664595.0,1056961412.0,733296817.0,208320180.2,323664595.0,609825518.0,1056961412.0,1458483633.8,0.8709,0.5311
Central Visayas,"Agriculture, forestry, and fishing",At Constant 2018 Prices,25,75595264.28,71431707.0,22873157.203,523181320432037.5,54045272.0,150764951.0,96719679.0,63312953.0,78798276.0,15485323.0,59474078.2,63312953.0,71431707.0,78798276.0,86363376.2,0.3026,0.109
Central Visayas,"Agriculture, forestry, and fishing",At Current Prices,25,67080989.76,63584803.0,40546583.693,1644025449174075.2,25371567.0,196632744.0,171261177.0,38336881.0,79460898.0,41124017.0,29201726.2,38336881.0,63584803.0,79460898.0,92302766.6,0.6044,0.3491
Central Visayas,Gross Domestic Product,At Constant 2018 Prices,25,911405412.84,779760030.0,559729887.171,3.132975465924908e+17,382350583.0,2570730837.0,2188380254.0,507783275.0,1134912345.0,627129070.0,413743211.8,507783275.0,779760030.0,1134912345.0,1267454077.4,0.6141,0.3818
Central Visayas,Gross Domestic Product,At Current Prices,25,855505997.72,674544563.0,694537043.9406,4.82381705405707e+17,201368028.0,2932601507.0,2731233479.0,354599746.0,1170115820.0,815516074.0,242796434.2,354599746.0,674544563.0,1170115820.0,1403064823.2,0.8118,0.5349
Central Visayas,Industry,At Constant 2018 Prices,25,243310927.92,219917011.0,133360111.5944,1.7784919364461382e+16,114829317.0,621460263.0,506630946.0,142539953.0,294229163.0,151689210.0,120445310.4,142539953.0,219917011.0,294229163.0,334067146.6,0.5481,0.3473
Central Visayas,Industry,At Current Prices,25,240117655.68,207904510.0,167772324.6869,2.8147552930852948e+16,73223700.0,725739718.0,652516018.0,116574228.0,299778306.0,183204078.0,82957572.4,116574228.0,207904510.0,299778306.0,362648703.8,0.6987,0.44
Central Visayas,Services,At Constant 2018 Prices,25,660171495.64,544277209.0,461441073.4128,2.1292786423235274e+17,225889393.0,2028175094.0,1802285701.0,325928805.0,861292292.0,535363487.0,248255964.2,325928805.0,544277209.0,861292292.0,980996348.2,0.699,0.4509
Central Visayas,Services,At Current Prices,25,613612100.44,452552179.0,547992740.272,3.002960433908664e+17,109279477.0,2251287205.0,2142007728.0,216432270.0,875486018.0,659053748.0,139411395.0,216432270.0,452552179.0,875486018.0,1072648292.0,0.8931,0.6036
Cordillera Administrative Region,"Agriculture, forestry, and fishing",At Constant 2018 Prices,3,28000560.3333,28094112.0,186605.7712,34821713852.3333,27785684.0,28121885.0,336201.0,27939898.0,28107998.5,168100.5,27847369.6,27939898.0,28094112.0,28107998.5,28116330.4,0.0067,0.003
Cordillera Administrative Region,"Agriculture, forestry, and fishing",At Current Prices,3,33070585.6667,33798890.0,3098348.5401,9599763675834.332,29672963.0,35739904.0,6066941.0,31735926.5,34769397.0,3033470.5,30498148.4,31735926.5,33798890.0,34769397.0,35351701.2,0.0937,0.0456
Cordillera Administrative Region,Gross Domestic Product,At Constant 2018 Prices,3,358971396.6667,360896543.0,20324266.2556,413075798829152.4,337753055.0,378264592.0,40511537.0,349324799.0,369580567.5,20255768.5,342381752.6,349324799.0,360896543.0,369580567.5,374790982.2,0.0566,0.0282
Cordillera Administrative Region,Gross Domestic Product,At Current Prices,3,407220514.6667,410079730.0,39810137.8212,1584847073340912.2,366057851.0,445523963.0,79466112.0,388068790.5,427801846.5,39733056.0,374862226.8,388068790.5,410079730.0,427801846.5,438435116.4,0.0978,0.0487
Cordillera Administrative Region,Industry,At Constant 2018 Prices,3,86334462.0,87420100.0,2113791.4791,4468114417252.0,83898456.0,87684830.0,3786374.0,85659278.0,87552465.0,1893187.0,84602784.8,85659278.0,87420100.0,87552465.0,87631884.0,0.0245,0.0109
Cordillera Administrative Region,Industry,At Current Prices,3,94934466.0,96096121.0,5571270.6676,31039056851925.0,88873951.0,99833326.0,10959375.0,92485036.0,97964723.5,5479687.5,90318385.0,92485036.0,96096121.0,97964723.5,99085885.0,0.0587,0.0288
Cordillera Administrative Region,Services,At Constant 2018 Prices,3,271178403.0,272139457.0,21327163.477,454847901974076.0,249386959.0,292008793.0,42621834.0,260763208.0,282074125.0,21310917.0,253937458.6,260763208.0,272139457.0,282074125.0,288034925.8,0.0786,0.0393
Cordillera Administrative Region,Services,At Current Prices,3,307969231.0,308730036.0,35588782.1101,1266561412081825.0,272006146.0,343171511.0,71165365.0,290368091.0,325950773.5,35582682.5,279350924.0,290368091.0,308730036.0,325950773.5,336283216.0,0.1156,0.0577
Davao Region,"Agriculture, forestry, and fishing",At Constant 2018 Prices,25,141401739.2,137130574.0,48574164.1036,2359449418359693.5,93200093.0,294636863.0,201436770.0,122389449.0,140773270.0,18383821.0,100854998.8,122389449.0,137130574.0,140773270.0,145901596.8,0.3435,0.0699
Davao Region,"Agriculture, forestry, and fishing",At Current Prices,25,134178608.04,116919191.0,101265997.7646,1.0254802303263838e+16,36591389.0,462271077.0,425679688.0,67182315.0,144355518.0,77173203.0,44059391.8,67182315.0,116919191.0,144355518.0,215009838.0,0.7547,0.3648
Davao Region,Gross Domestic Product,At Constant 2018 Prices,25,676932918.04,528097604.0,448700115.8562,2.0133179396935126e+17,286212024.0,2036428209.0,1750216185.0,384620255.0,833225496.0,448605241.0,318294864.6,384620255.0,528097604.0,833225496.0,1009849740.2,0.6628,0.3684
Davao Region,Gross Domestic Product,At Current Prices,25,658338787.0,454315711.0,597255955.5074,3.567146763890612e+17,152937206.0,2510351070.0,2357413864.0,260394849.0,841429225.0,581034376.0,184245903.0,260394849.0,454315711.0,841429225.0,1212846720.4,0.9072,0.5273
Davao Region,Industry,At Constant 2018 Prices,25,156518091.6,103933646.0,118141016.1449,1.39572996957594e+16,55134062.0,501968713.0,446834651.0,76206629.0,202072001.0,125865372.0,65684806.6,76206629.0,103933646.0,202072001.0,258922738.4,0.7548,0.4523
Davao Region,Industry,At Current Prices,25,161357123.6,104937010.0,141235016.3838,1.9947329852932084e+16,46268731.0,593538958.0,547270227.0,69793001.0,208533209.0,138740208.0,53860520.0,69793001.0,104937010.0,208533209.0,293059393.2,0.8753,0.4985
Davao Region,Services,At Constant 2018 Prices,25,411092880.28,308331433.0,315191944.5714,9.93459619227197e+16,139762840.0,1357453633.0,1217690793.0,192530043.0,534043495.0,341513452.0,155686687.6,192530043.0,308331433.0,534043495.0,667454151.6,0.7667,0.47
Davao Region,Services,At Current Prices,25,394272000.44,258595296.0,389637866.8686,1.51817667297945e+17,71579151.0,1583422230.0,1511843079.0,127510683.0,534043495.0,406532812.0,88397897.4,127510683.0,258595296.0,534043495.0,768742432.4,0.9882,0.6145
Eastern Visayas,"Agriculture, forestry, and fishing",At Constant 2018 Prices,25,68386145.96,63930205.0,18104828.2125,327784804605075.94,46652509.0,124735686.0,78083177.0,61087940.0,71686893.0,10598953.0,52820081.8,61087940.0,63930205.0,71686893.0,77639201.4,0.2647,0.0798
Eastern Visayas,"Agriculture, forestry, and fishing",At Current Prices,25,60063888.08,61193584.0,29893303.8863,893609617239202.4,21647872.0,148394896.0,126747024.0,41426403.0,63377357.0,21950954.0,27788536.2,41426403.0,61193584.0,63377357.0,77662177.6,0.4977,0.2094
Eastern Visayas,Gross Domestic Product,At Constant 2018 Prices,25,383462502.76,320330763.0,212704838.0118,4.524334811363818e+16,197055277.0,1046784295.0,849729018.0,261794426.0,434767718.0,172973292.0,212211089.0,261794426.0,320330763.0,434767718.0,521091675.2,0.5547,0.2483
Eastern Visayas,Gross Domestic Product,At Current Prices,25,345859540.04,272677861.0,257567787.1131,6.63411649583226e+16,103764213.0,1136447265.0,1032683052.0,183249360.0,414265871.0,231016511.0,121594586.0,183249360.0,272677861.0,414265871.0,555356328.2,0.7447,0.3866
Eastern Visayas,Industry,At Constant 2018 Prices,25,152876727.52,122847771.0,86969935.3598,7563769656488083.0,79713163.0,422960143.0,343246980.0,105391265.0,172658839.0,67267574.0,85344627.8,105391265.0,122847771.0,172658839.0,209192787.4,0.5689,0.2419
Eastern Visayas,Industry,At Current Prices,25,134246188.64,111990708.0,91719513.7393,8412469200576686.0,44830655.0,416050168.0,371219513.0,76751048.0,159630116.0,82879068.0,50531631.0,76751048.0,111990708.0,159630116.0,205980155.4,0.6832,0.3506
Eastern Visayas,Services,At Constant 2018 Prices,25,169066098.8,137095393.0,116212009.7306,1.3505231205624498e+16,72437292.0,522979074.0,450541782.0,92835220.0,206999385.0,114164165.0,76005618.2,92835220.0,137095393.0,206999385.0,259673511.4,0.6874,0.3808
Eastern Visayas,Services,At Current Prices,25,158195611.0,111728887.0,144202092.0632,2.0794243355406868e+16,38144650.0,598092230.0,559947580.0,61319933.0,209683913.0,148363980.0,44405518.0,61319933.0,111728887.0,209683913.0,291399889.0,0.9115,0.5475
Ilocos Region,"Agriculture, forestry, and fishing",At Constant 2018 Prices,25,104360130.6,99266871.0,38677276.59,1495931724417288.5,63417221.0,225574641.0,162157420.0,83313551.0,108939138.0,25625587.0,69500465.0,83313551.0,99266871.0,108939138.0,112541830.2,0.3706,0.1333
Ilocos Region,"Agriculture, forestry, and fishing",At Current Prices,25,96131275.56,90974917.0,56237935.4371,3162705382227931.5,34947897.0,267441307.0,232493410.0,63224597.0,104414631.0,41190034.0,40440403.8,63224597.0,90974917.0,104414631.0,133752410.6,0.585,0.2457
Ilocos Region,Gross Domestic Product,At Constant 2018 Prices,25,493348367.0,398616600.0,294706359.8841,8.685183855611334e+16,240124758.0,1402456269.0,1162331511.0,307818091.0,581877977.0,274059886.0,257283233.2,307818091.0,398616600.0,581877977.0,693515039.4,0.5974,0.308
Ilocos Region,Gross Domestic Product,At Current Prices,25,466653443.36,356651167.0,377480700.8816,1.4249167953807336e+17,128944988.0,1626927464.0,1497982476.0,218353822.0,587597251.0,369243429.0,151525578.2,218353822.0,356651167.0,587597251.0,784041366.8,0.8089,0.4581
Ilocos Region,Industry,At Constant 2018 Prices,25,137591145.36,98751374.0,95371678.547,9095757068877568.0,58779036.0,428138473.0,369359437.0,76954632.0,169817032.0,92862400.0,63772044.2,76954632.0,98751374.0,169817032.0,209358576.8,0.6932,0.3763
Ilocos Region,Industry,At Current Prices,25,134518318.92,91225876.0,122151557.3195,1.4921002955577256e+16,33488298.0,511620363.0,478132065.0,55807934.0,172137616.0,116329682.0,39065229.8,55807934.0,91225876.0,172137616.0,239280536.4,0.9081,0.5103
Ilocos Region,Services,At Constant 2018 Prices,25,267722433.24,214689587.0,174406313.9896,3.0417562359432644e+16,120464671.0,801616995.0,681152324.0,147846695.0,318038777.0,170192082.0,128042396.4,147846695.0,214689587.0,318038777.0,399679502.0,0.6514,0.3653
Ilocos Region,Services,At Current Prices,25,252038643.04,187221902.0,214430255.0709,4.598033428977146e+16,61936401.0,906123070.0,844186669.0,104284779.0,325619279.0,221334500.0,74410428.8,104284779.0,187221902.0,325619279.0,442662574.2,0.8508,0.5148
MIMAROPA,"Agriculture, forestry, and fishing",At Constant 2018 Prices,24,64331089.5833,66006234.5,6407678.7794,41058347339382.35,49181571.0,75042816.0,25861245.0,61813048.5,67748622.75,5935574.25,54867288.4,61813048.5,66006234.5,67748622.75,70562998.0,0.0996,0.0458
MIMAROPA,"Agriculture, forestry, and fishing",At Current Prices,24,48212679.4583,50535012.5,18614565.6747,346502055256182.5,20650071.0,82592658.0,61942587.0,31731621.5,62419635.5,30688014.0,22903546.9,31731621.5,50535012.5,62419635.5,69758369.4,0.3861,0.3259
MIMAROPA,Gross Domestic Product,At Constant 2018 Prices,24,263246151.2083,248078214.5,89789454.0995,8062146067485875.0,124948855.0,411434973.0,286486118.0,190206710.75,345574445.25,155367734.5,152957101.0,190206710.75,248078214.5,345574445.25,381971984.8,0.3411,0.29
MIMAROPA,Gross Domestic Product,At Current Prices,24,234034457.5833,221738456.5,122201140.7045,1.4933118789486428e+16,66182382.0,472213804.0,406031422.0,128849282.25,327122398.25,198273116.0,87070364.5,128849282.25,221738456.5,327122398.25,380573830.9,0.5222,0.4348
MIMAROPA,Industry,At Constant 2018 Prices,24,87395427.5417,81989203.0,34701717.6165,1204209205538775.8,29564667.0,136989190.0,107424523.0,60079643.0,120806807.75,60727164.75,45350649.9,60079643.0,81989203.0,120806807.75,133138036.7,0.3971,0.3357
MIMAROPA,Industry,At Current Prices,24,82209852.25,83924661.5,38251585.6493,1463183804685567.5,20612995.0,158605195.0,137992200.0,51437935.25,106566086.0,55128150.75,32962997.7,51437935.25,83924661.5,106566086.0,131131004.2,0.4653,0.3489
MIMAROPA,Services,At Constant 2018 Prices,24,121390172.4583,111482896.0,54455945.1562,2965449962853595.0,50251795.0,222708243.0,172456448.0,73291994.5,171839528.75,98547534.25,57234352.6,73291994.5,111482896.0,171839528.75,191623754.5,0.4486,0.402
MIMAROPA,Services,At Current Prices,24,113110276.6667,95820566.0,72649263.5718,5277915497528872.0,27188606.0,273872137.0,246683531.0,51106081.75,168338205.75,117232124.0,34004466.9,51106081.75,95820566.0,168338205.75,203340319.7,0.6423,0.5342
MIMAROPA Region,"Agriculture, forestry, and fishing",At Constant 2018 Prices,3,72187725.0,70959793.0,2374644.9535,5638938655197.0,70678468.0,74924914.0,4246446.0,70819130.5,72942353.5,2123223.0,70734733.0,70819130.5,70959793.0,72942353.5,74131889.8,0.0329,0.0148
MIMAROPA Region,"Agriculture, forestry, and fishing",At Current Prices,3,80011736.0,81567560.0,4752158.6453,22583011790257.0,74676679.0,83790969.0,9114290.0,78122119.5,82679264.5,4557145.0,76054855.2,78122119.5,81567560.0,82679264.5,83346287.2,0.0594,0.0283
MIMAROPA Region,Gross Domestic Product,At Constant 2018 Prices,3,411164256.3333,411149258.0,18204493.1338,331403570259134.3,392967267.0,429376244.0,36408977.0,402058262.5,420262751.0,18204488.5,396603665.2,402058262.5,411149258.0,420262751.0,425730846.8,0.0443,0.0221
MIMAROPA Region,Gross Domestic Product,At Current Prices,3,477864161.0,471001419.0,28824971.1433,830878961412532.0,453089929.0,509501135.0,56411206.0,462045674.0,490251277.0,28205603.0,456672227.0,462045674.0,471001419.0,490251277.0,501801191.8,0.0603,0.0296
MIMAROPA Region,Industry,At Constant 2018 Prices,3,134825356.3333,133860065.0,3929881.9375,15443972042377.332,131468063.0,139147941.0,7679878.0,132664064.0,136504003.0,3839939.0,131946463.4,132664064.0,133860065.0,136504003.0,138090365.8,0.0291,0.0143
MIMAROPA Region,Industry,At Current Prices,3,147409526.3333,146274416.0,10673478.9629,113923153170512.34,137348968.0,158605195.0,21256227.0,141811692.0,152439805.5,10628113.5,139134057.6,141811692.0,146274416.0,152439805.5,156139039.2,0.0724,0.0361
MIMAROPA Region,Services,At Constant 2018 Prices,3,221677799.0,222495866.0,17327683.8904,300248629007197.0,203955571.0,238581960.0,34626389.0,213225718.5,230538913.0,17313194.5,207663630.0,213225718.5,222495866.0,230538913.0,235364741.2,0.0782,0.039
MIMAROPA Region,Services,At Current Prices,3,271694151.3333,273634344.0,33276132.7816,1107301012899696.4,237490371.0,303957739.0,66467368.0,255562357.5,288796041.5,33233684.0,244719165.6,255562357.5,273634344.0,288796041.5,297893060.0,0.1225,0.0611
National Capital Region,"Agriculture, forestry, and fishing",At Constant 2018 Prices,25,483706.32,454656.0,129546.7711,16782365909.7267,393544.0,915480.0,521936.0,410906.0,489206.0,78300.0,397666.0,410906.0,454656.0,489206.0,524888.2,0.2678,0.087
National Capital Region,"Agriculture, forestry, and fishing",At Current Prices,25,422579.88,358641.0,247885.0992,61447022389.5267,257196.0,1244886.0,987690.0,276387.0,399074.0,122687.0,263507.8,276387.0,358641.0,399074.0,605105.0,0.5866,0.1816
National Capital Region,Gross Domestic Product,At Constant 2018 Prices,25,4868231703.52,4072189800.0,2727106051.6162,7.437107416761933e+18,2416391870.0,13148898313.0,10732506443.0,3157102605.0,5599931197.0,2442828592.0,2553923976.4,3157102605.0,4072189800.0,5599931197.0,6654790026.8,0.5602,0.279
National Capital Region,Gross Domestic Product,At Current Prices,25,4527994750.88,3553088571.0,3521442628.9567,1.2400558189033472e+19,1237450701.0,15145224777.0,13907774076.0,2176864045.0,5800819179.0,3623955134.0,1479553236.2,2176864045.0,3553088571.0,5800819179.0,7446262888.2,0.7777,0.4543
National Capital Region,Industry,At Constant 2018 Prices,25,1038542497.16,941951051.0,400697217.8777,1.6055826041489878e+17,685362544.0,2277227138.0,1591864594.0,833186879.0,1095210419.0,262023540.0,709082884.0,833186879.0,941951051.0,1095210419.0,1211168030.6,0.3858,0.1359
National Capital Region,Industry,At Current Prices,25,939765918.28,833666738.0,556034406.8677,3.091742616206882e+17,370394121.0,2592524710.0,2222130589.0,581044501.0,1096049972.0,515005471.0,420184582.2,581044501.0,833666738.0,1096049972.0,1314386432.4,0.5917,0.3071
National Capital Region,Services,At Constant 2018 Prices,25,4497687112.88,3717794712.0,2794778233.0044,7.810785371675374e+18,1912252788.0,12877000495.0,10964747707.0,2638174902.0,5321144076.0,2682969174.0,2064447875.6,2638174902.0,3717794712.0,5321144076.0,6478986221.8,0.6214,0.3371
National Capital Region,Services,At Current Prices,25,4233723458.2,3225767338.0,3533476317.7259,1.2485454887929627e+19,955556044.0,14835681045.0,13880125001.0,1809364685.0,5546253441.0,3736888756.0,1173921866.6,1809364685.0,3225767338.0,5546253441.0,7278872817.8,0.8346,0.508
Northern Mindanao,"Agriculture, forestry, and fishing",At Constant 2018 Prices,25,152907080.72,139657187.0,75202401.3258,5655401165164133.0,75946171.0,374164256.0,298218085.0,104473722.0,173541351.0,69067629.0,83007503.0,104473722.0,139657187.0,173541351.0,186486260.8,0.4918,0.2484
Northern Mindanao,"Agriculture, forestry, and fishing",At Current Prices,25,148924030.32,129561842.0,121578660.8259,1.4781370768222086e+16,34167737.0,515793765.0,481626028.0,62910184.0,173541351.0,110631167.0,40721116.8,62910184.0,129561842.0,173541351.0,241874793.4,0.8164,0.4679
Northern Mindanao,Gross Domestic Product,At Constant 2018 Prices,25,670254028.6,551141548.0,433759702.2127,1.8814747926363955e+17,254909002.0,1968917137.0,1714008135.0,389672303.0,821122015.0,431449712.0,307797111.6,389672303.0,551141548.0,821122015.0,975218322.4,0.6472,0.3563
Northern Mindanao,Gross Domestic Product,At Current Prices,25,636924730.0,472652726.0,570917221.237,3.2594647350501075e+17,122602899.0,2362340194.0,2239737295.0,248747368.0,821122015.0,572374647.0,166357961.4,248747368.0,472652726.0,821122015.0,1143618948.0,0.8964,0.535
Northern Mindanao,Industry,At Constant 2018 Prices,25,154450085.44,120524999.0,118103610.1065,1.3948462720177662e+16,46718335.0,495902147.0,449183812.0,70834778.0,203783444.0,132948666.0,55904305.6,70834778.0,120524999.0,203783444.0,249584303.2,0.7647,0.4841
Northern Mindanao,Industry,At Current Prices,25,153192209.72,107458437.0,146463432.7793,2.145153714150679e+16,25742778.0,586538884.0,560796106.0,51998620.0,203783444.0,151784824.0,35214787.0,51998620.0,107458437.0,203783444.0,285710212.4,0.9561,0.5934
Northern Mindanao,Services,At Constant 2018 Prices,25,379791869.04,302798655.0,256444200.5959,6.576362801924541e+16,134495552.0,1158607495.0,1024111943.0,220104994.0,460846890.0,240741896.0,171955722.6,220104994.0,302798655.0,460846890.0,576144126.4,0.6752,0.3535
Northern Mindanao,Services,At Current Prices,25,351012520.32,246101092.0,320810014.9298,1.0291906567926112e+17,63757554.0,1324993358.0,1261235804.0,137331059.0,467814721.0,330483662.0,92099876.2,137331059.0,246101092.0,467814721.0,650064858.4,0.914,0.5461
SOCCSKSARGEN,"Agriculture, forestry, and fishing",At Constant 2018 Prices,25,119796110.08,114247863.0,47178005.9574,2225764246112567.8,70633235.0,265607008.0,194973773.0,92286598.0,127681321.0,35394723.0,78370927.2,92286598.0,114247863.0,127681321.0,130701062.8,0.3938,0.1609
SOCCSKSARGEN,"Agriculture, forestry, and fishing",At Current Prices,25,114341728.12,115758201.0,71273725.717,5079943977586422.0,32847867.0,326005092.0,293157225.0,62337069.0,129899332.0,67562263.0,39563678.2,62337069.0,115758201.0,129899332.0,159923108.8,0.6233,0.3515
SOCCSKSARGEN,Gross Domestic Product,At Constant 2018 Prices,25,378251989.8,315391176.0,221219830.5951,4.893821344853453e+16,175244994.0,1042547094.0,867302100.0,237237885.0,449247792.0,212009907.0,199529841.6,237237885.0,315391176.0,449247792.0,519050113.2,0.5848,0.3088
SOCCSKSARGEN,Gross Domestic Product,At Current Prices,25,363288324.72,291093120.0,290350101.5996,8.43031814989078e+16,90192440.0,1243873619.0,1153681179.0,162095898.0,454304549.0,292208651.0,113478676.2,162095898.0,291093120.0,454304549.0,606926182.2,0.7992,0.4741
SOCCSKSARGEN,Industry,At Constant 2018 Prices,25,88324760.72,70628795.0,57086846.7189,3258908068304883.5,34090174.0,252771161.0,218680987.0,51079722.0,111741821.0,60662099.0,41656292.2,51079722.0,70628795.0,111741821.0,129392717.0,0.6463,0.3726
SOCCSKSARGEN,Industry,At Current Prices,25,86184808.6,66297640.0,68267783.9835,4660490330014839.0,21967129.0,286625867.0,264658738.0,38627802.0,111071076.0,72443274.0,28004848.2,38627802.0,66297640.0,111071076.0,140762515.8,0.7921,0.4839
SOCCSKSARGEN,Services,At Constant 2018 Prices,25,179525805.04,134480339.0,126658745.5675,1.6042437828721928e+16,69519528.0,563938683.0,494419155.0,96667184.0,221394986.0,124727802.0,81512034.4,96667184.0,134480339.0,221394986.0,278718851.6,0.7055,0.3921
SOCCSKSARGEN,Services,At Current Prices,25,172076701.68,112964150.0,162443084.4778,2.6387755694673788e+16,35806633.0,668331280.0,632524647.0,62981861.0,228363210.0,165381349.0,47030354.8,62981861.0,112964150.0,228363210.0,324613277.4,0.944,0.5676
Western Visayas,"Agriculture, forestry, and fishing",At Constant 2018 Prices,25,142165016.88,141175820.0,43737238.0398,1912945991348852.2,93161638.0,274545159.0,181383521.0,117478970.0,153436676.0,35957706.0,99368536.6,117478970.0,141175820.0,153436676.0,168051977.0,0.3077,0.1327
Western Visayas,"Agriculture, forestry, and fishing",At Current Prices,25,124158963.96,123573581.0,60965343.0416,3716773052174787.5,51910181.0,292190501.0,240280320.0,82150771.0,144203590.0,62052819.0,57783222.8,82150771.0,123573581.0,144203590.0,158808852.0,0.491,0.2741
Western Visayas,Gross Domestic Product,At Constant 2018 Prices,25,664327406.28,605376449.0,333077319.2969,1.1094050063004032e+17,323742052.0,1639556604.0,1315814552.0,430039527.0,820773095.0,390733568.0,348560406.0,430039527.0,605376449.0,820773095.0,897980297.0,0.5014,0.3124
Western Visayas,Gross Domestic Product,At Current Prices,25,627883167.36,527279962.0,456864579.1508,2.0872524368265802e+17,180855163.0,1981487766.0,1800632603.0,299925476.0,797040847.0,497115371.0,212101315.4,299925476.0,527279962.0,797040847.0,929871297.6,0.7276,0.4532
Western Visayas,Industry,At Constant 2018 Prices,25,134703657.52,119432381.0,71468606.6322,5107761733949506.0,61430165.0,338254128.0,276823963.0,80403870.0,169659855.0,89255985.0,68735797.2,80403870.0,119432381.0,169659855.0,190700373.8,0.5306,0.3569
Western Visayas,Industry,At Current Prices,25,137617885.28,107909017.0,111594809.7481,1.245340156271429e+16,37704264.0,474432167.0,436727903.0,60084195.0,165404587.0,105320392.0,46213549.4,60084195.0,107909017.0,165404587.0,209001368.6,0.8109,0.4671
Western Visayas,Services,At Constant 2018 Prices,25,422397253.48,371795930.0,242619915.2019,5.886442325257465e+16,176482468.0,1131991393.0,955508925.0,244303366.0,528951037.0,284647671.0,188495883.2,244303366.0,371795930.0,528951037.0,613739470.6,0.5744,0.3681
Western Visayas,Services,At Current Prices,25,400057387.92,317157273.0,313419980.0999,9.823208392582648e+16,95935911.0,1347052623.0,1251116712.0,168387154.0,553447756.0,385060602.0,114347030.8,168387154.0,317157273.0,553447756.0,628353976.0,0.7834,0.5334
Zamboanga Peninsula,"Agriculture, forestry, and fishing",At Constant 2018 Prices,25,77298301.28,73078920.0,23143141.6745,535605006567180.6,55889691.0,152594635.0,96704944.0,69619181.0,74878611.0,5259430.0,60083723.0,69619181.0,73078920.0,74878611.0,81242843.2,0.2994,0.0364
Zamboanga Peninsula,"Agriculture, forestry, and fishing",At Current Prices,25,67490376.6,64368976.0,43245854.4278,1870203925194380.0,20645129.0,195181544.0,174536415.0,38611221.0,73172143.0,34560922.0,25324692.2,38611221.0,64368976.0,73172143.0,99890885.8,0.6408,0.3092
Zamboanga Peninsula,Gross Domestic Product,At Constant 2018 Prices,25,319530243.32,267034112.0,189497267.0784,3.590921423016554e+16,153478479.0,894115765.0,740637286.0,196123519.0,376299326.0,180175807.0,163996080.2,196123519.0,267034112.0,376299326.0,438562933.8,0.593,0.3148
Zamboanga Peninsula,Gross Domestic Product,At Current Prices,25,299860639.84,236734323.0,254774399.4959,6.490999463848079e+16,71512156.0,1063251213.0,991739057.0,124161636.0,379428020.0,255266384.0,83445894.6,124161636.0,236734323.0,379428020.0,520785479.4,0.8496,0.5069
Zamboanga Peninsula,Industry,At Constant 2018 Prices,25,81877962.0,64285468.0,62823864.442,3946837943431060.5,24546883.0,257695205.0,233148322.0,35879090.0,110081544.0,74202454.0,27979517.6,35879090.0,64285468.0,110081544.0,129078676.2,0.7673,0.5084
Zamboanga Peninsula,Industry,At Current Prices,25,86402079.84,62642095.0,81640754.188,6665212744379559.0,14667423.0,323460923.0,308793500.0,28447584.0,111550829.0,83103245.0,18026111.6,28447584.0,62642095.0,111550829.0,157412054.8,0.9449,0.5936
Zamboanga Peninsula,Services,At Constant 2018 Prices,25,164985407.0,135949879.0,109201215.3487,1.192490543363209e+16,73793669.0,497822589.0,424028920.0,93209223.0,198488961.0,105279738.0,77298983.8,93209223.0,135949879.0,198488961.0,246086324.0,0.6619,0.3609
Zamboanga Peninsula,Services,At Current Prices,25,150262615.08,109424908.0,134649911.7509,1.813059873452552e+16,36667286.0,559431947.0,522764661.0,58478758.0,200749279.0,142270521.0,40804673.8,58478758.0,109424908.0,200749279.0,272516476.2,0.8961,0.5488
